YEAR,Location,Death Rate,Deaths,URL
2024,AL,13.3,645,/nchs/state-stats/states/al.html
2024,AK,7.7,56,/nchs/state-stats/states/ak.html
2024,AZ,6.4,467,/nchs/state-stats/states/az.html
2024,AR,8.5,247,/nchs/state-stats/states/ar.html
2024,CA,4.5,1768,/nchs/state-stats/states/ca.html
2024,CO,5.1,305,/nchs/state-stats/states/co.html
2024,CT,3,104,/nchs/state-stats/states/ct.html
2024,DE,6.9,67,/nchs/state-stats/states/de.html
2024,District of Columbia,23.3,172,/nchs/state-stats/states/dc.html
2024,FL,5.5,1183,/nchs/state-stats/states/fl.html
2024,GA,9.2,1001,/nchs/state-stats/states/ga.html
2024,HI,2.8,39,/nchs/state-stats/states/hi.html
2024,ID,1.8,36,/nchs/state-stats/states/id.html
2024,IL,8.7,1058,/nchs/state-stats/states/il.html
2024,IN,7.3,482,/nchs/state-stats/states/in.html
2024,IA,3.4,105,/nchs/state-stats/states/ia.html
2024,KS,5.6,156,/nchs/state-stats/states/ks.html
2024,KY,7,314,/nchs/state-stats/states/ky.html
2024,LA,15.2,659,/nchs/state-stats/states/la.html
2024,ME,2.6,34,/nchs/state-stats/states/me.html
2024,MD,9,529,/nchs/state-stats/states/md.html
2024,MA,2.2,153,/nchs/state-stats/states/ma.html
2024,MI,5.7,538,/nchs/state-stats/states/mi.html
2024,MN,3.4,192,/nchs/state-stats/states/mn.html
2024,MS,19.7,548,/nchs/state-stats/states/ms.html
2024,MO,9.4,555,/nchs/state-stats/states/mo.html
2024,MT,4.5,48,/nchs/state-stats/states/mt.html
2024,NE,3.1,59,/nchs/state-stats/states/ne.html
2024,NV,7,221,/nchs/state-stats/states/nv.html
2024,NH,1.4,18,/nchs/state-stats/states/nh.html
2024,NJ,2.9,264,/nchs/state-stats/states/nj.html
2024,NM,13.2,268,/nchs/state-stats/states/nm.html
2024,NY,3.5,693,/nchs/state-stats/states/ny.html
2024,NC,7.8,834,/nchs/state-stats/states/nc.html
2024,ND,2.5,20,/nchs/state-stats/states/nd.html
2024,OH,6.6,744,/nchs/state-stats/states/oh.html
2024,OK,7.2,283,/nchs/state-stats/states/ok.html
2024,OR,4,171,/nchs/state-stats/states/or.html
2024,PA,5.6,684,/nchs/state-stats/states/pa.html
2024,RI,2,20,/nchs/state-stats/states/ri.html
2024,SC,9.9,505,/nchs/state-stats/states/sc.html
2024,SD,6.6,55,/nchs/state-stats/states/sd.html
2024,TN,10,697,/nchs/state-stats/states/tn.html
2024,TX,5.9,1851,/nchs/state-stats/states/tx.html
2024,UT,2.3,82,/nchs/state-stats/states/ut.html
2024,VT,3.2,21,/nchs/state-stats/states/vt.html
2024,VA,5.6,477,/nchs/state-stats/states/va.html
2024,WA,4.4,344,/nchs/state-stats/states/wa.html
2024,WV,5.9,97,/nchs/state-stats/states/wv.html
2024,WI,4.8,266,/nchs/state-stats/states/wi.html
2024,WY,4.8,27,/nchs/state-stats/states/wy.html
2023,AL,14.8,717,/nchs/state-stats/states/al.html
2023,AK,8.5,61,/nchs/state-stats/states/ak.html
2023,AZ,7.5,531,/nchs/state-stats/states/az.html
2023,AR,11.3,325,/nchs/state-stats/states/ar.html
2023,CA,5.1,1972,/nchs/state-stats/states/ca.html
2023,CO,6.2,368,/nchs/state-stats/states/co.html
2023,CT,4.5,153,/nchs/state-stats/states/ct.html
2023,DE,6,55,/nchs/state-stats/states/de.html
2023,District of Columbia,33.1,244,/nchs/state-stats/states/dc.html
2023,FL,6.5,1361,/nchs/state-stats/states/fl.html
2023,GA,9.9,1067,/nchs/state-stats/states/ga.html
2023,HI,3,42,/nchs/state-stats/states/hi.html
2023,ID,2.7,49,/nchs/state-stats/states/id.html
2023,IL,9.8,1171,/nchs/state-stats/states/il.html
2023,IN,8,523,/nchs/state-stats/states/in.html
2023,IA,3.3,101,/nchs/state-stats/states/ia.html
2023,KS,6.5,186,/nchs/state-stats/states/ks.html
2023,KY,7.5,316,/nchs/state-stats/states/ky.html
2023,LA,19.3,837,/nchs/state-stats/states/la.html
2023,ME,3.5,48,/nchs/state-stats/states/me.html
2023,MD,10.1,582,/nchs/state-stats/states/md.html
2023,MA,2.7,182,/nchs/state-stats/states/ma.html
2023,MI,6.8,637,/nchs/state-stats/states/mi.html
2023,MN,3.6,197,/nchs/state-stats/states/mn.html
2023,MS,19.4,543,/nchs/state-stats/states/ms.html
2023,MO,10.4,612,/nchs/state-stats/states/mo.html
2023,MT,4.5,50,/nchs/state-stats/states/mt.html
2023,NE,3.3,64,/nchs/state-stats/states/ne.html
2023,NV,8.2,258,/nchs/state-stats/states/nv.html
2023,NH,1.9,29,/nchs/state-stats/states/nh.html
2023,NJ,3.4,293,/nchs/state-stats/states/nj.html
2023,NM,14.7,290,/nchs/state-stats/states/nm.html
2023,NY,3.9,745,/nchs/state-stats/states/ny.html
2023,NC,8.5,887,/nchs/state-stats/states/nc.html
2023,ND,3.2,24,/nchs/state-stats/states/nd.html
2023,OH,8,869,/nchs/state-stats/states/oh.html
2023,OK,7.5,293,/nchs/state-stats/states/ok.html
2023,OR,4.6,188,/nchs/state-stats/states/or.html
2023,PA,7.6,914,/nchs/state-stats/states/pa.html
2023,RI,2.5,30,/nchs/state-stats/states/ri.html
2023,SC,11.3,565,/nchs/state-stats/states/sc.html
2023,SD,4.3,38,/nchs/state-stats/states/sd.html
2023,TN,11.4,777,/nchs/state-stats/states/tn.html
2023,TX,7.1,2159,/nchs/state-stats/states/tx.html
2023,UT,2.2,76,/nchs/state-stats/states/ut.html
2023,VT,3.4,21,/nchs/state-stats/states/vt.html
2023,VA,6.8,576,/nchs/state-stats/states/va.html
2023,WA,5.4,414,/nchs/state-stats/states/wa.html
2023,WV,5.4,88,/nchs/state-stats/states/wv.html
2023,WI,5.1,284,/nchs/state-stats/states/wi.html
2023,WY,,18,/nchs/state-stats/states/wy.html
2022,AL,14.9,706,/nchs/state-stats/states/al.html
2022,AK,10.2,76,/nchs/state-stats/states/ak.html
2022,AZ,9,629,/nchs/state-stats/states/az.html
2022,AR,11.8,345,/nchs/state-stats/states/ar.html
2022,CA,5.9,2304,/nchs/state-stats/states/ca.html
2022,CO,7.2,417,/nchs/state-stats/states/co.html
2022,CT,4.3,147,/nchs/state-stats/states/ct.html
2022,DE,7,64,/nchs/state-stats/states/de.html
2022,District of Columbia,23.7,169,/nchs/state-stats/states/dc.html
2022,FL,7.2,1473,/nchs/state-stats/states/fl.html
2022,GA,11.3,1223,/nchs/state-stats/states/ga.html
2022,HI,3,42,/nchs/state-stats/states/hi.html
2022,ID,2.7,49,/nchs/state-stats/states/id.html
2022,IL,10.9,1312,/nchs/state-stats/states/il.html
2022,IN,8.4,553,/nchs/state-stats/states/in.html
2022,IA,2.9,90,/nchs/state-stats/states/ia.html
2022,KS,5.8,161,/nchs/state-stats/states/ks.html
2022,KY,8.3,348,/nchs/state-stats/states/ky.html
2022,LA,19.8,862,/nchs/state-stats/states/la.html
2022,ME,2.6,32,/nchs/state-stats/states/me.html
2022,MD,11.4,658,/nchs/state-stats/states/md.html
2022,MA,2.5,171,/nchs/state-stats/states/ma.html
2022,MI,8.6,801,/nchs/state-stats/states/mi.html
2022,MN,3.8,207,/nchs/state-stats/states/mn.html
2022,MS,20.7,576,/nchs/state-stats/states/ms.html
2022,MO,12.8,744,/nchs/state-stats/states/mo.html
2022,MT,5.4,57,/nchs/state-stats/states/mt.html
2022,NE,3.7,73,/nchs/state-stats/states/ne.html
2022,NV,7.8,244,/nchs/state-stats/states/nv.html
2022,NH,1.8,25,/nchs/state-stats/states/nh.html
2022,NJ,3.8,332,/nchs/state-stats/states/nj.html
2022,NM,14.5,290,/nchs/state-stats/states/nm.html
2022,NY,4.5,853,/nchs/state-stats/states/ny.html
2022,NC,9.2,954,/nchs/state-stats/states/nc.html
2022,ND,3.5,28,/nchs/state-stats/states/nd.html
2022,OH,8.5,929,/nchs/state-stats/states/oh.html
2022,OK,8.3,317,/nchs/state-stats/states/ok.html
2022,OR,5.1,212,/nchs/state-stats/states/or.html
2022,PA,8.9,1068,/nchs/state-stats/states/pa.html
2022,RI,2,22,/nchs/state-stats/states/ri.html
2022,SC,11.8,595,/nchs/state-stats/states/sc.html
2022,SD,6.9,56,/nchs/state-stats/states/sd.html
2022,TN,11,738,/nchs/state-stats/states/tn.html
2022,TX,7.6,2281,/nchs/state-stats/states/tx.html
2022,UT,2.2,72,/nchs/state-stats/states/ut.html
2022,VT,,18,/nchs/state-stats/states/vt.html
2022,VA,7.8,653,/nchs/state-stats/states/va.html
2022,WA,5.4,424,/nchs/state-stats/states/wa.html
2022,WV,6.2,105,/nchs/state-stats/states/wv.html
2022,WI,6,327,/nchs/state-stats/states/wi.html
2022,WY,,17,/nchs/state-stats/states/wy.html
2021,AL,15.9,748,/nchs/state-stats/states/al.html
2021,AK,6.4,49,/nchs/state-stats/states/ak.html
2021,AZ,8.1,562,/nchs/state-stats/states/az.html
2021,AR,11.7,335,/nchs/state-stats/states/ar.html
2021,CA,6.4,2495,/nchs/state-stats/states/ca.html
2021,CO,6.3,368,/nchs/state-stats/states/co.html
2021,CT,4.8,160,/nchs/state-stats/states/ct.html
2021,DE,11.3,103,/nchs/state-stats/states/de.html
2021,District of Columbia,30,223,/nchs/state-stats/states/dc.html
2021,FL,7.4,1468,/nchs/state-stats/states/fl.html
2021,GA,11.4,1206,/nchs/state-stats/states/ga.html
2021,HI,2.7,39,/nchs/state-stats/states/hi.html
2021,ID,2.2,41,/nchs/state-stats/states/id.html
2021,IL,12.3,1487,/nchs/state-stats/states/il.html
2021,IN,9.6,624,/nchs/state-stats/states/in.html
2021,IA,3.2,94,/nchs/state-stats/states/ia.html
2021,KS,6.4,180,/nchs/state-stats/states/ks.html
2021,KY,9.6,408,/nchs/state-stats/states/ky.html
2021,LA,21.3,943,/nchs/state-stats/states/la.html
2021,ME,1.7,20,/nchs/state-stats/states/me.html
2021,MD,12.2,709,/nchs/state-stats/states/md.html
2021,MA,2.3,160,/nchs/state-stats/states/ma.html
2021,MI,8.7,822,/nchs/state-stats/states/mi.html
2021,MN,4.3,232,/nchs/state-stats/states/mn.html
2021,MS,23.7,656,/nchs/state-stats/states/ms.html
2021,MO,12.4,716,/nchs/state-stats/states/mo.html
2021,MT,4.4,46,/nchs/state-stats/states/mt.html
2021,NE,3.6,70,/nchs/state-stats/states/ne.html
2021,NV,8.5,264,/nchs/state-stats/states/nv.html
2021,NH,0,15,/nchs/state-stats/states/nh.html
2021,NJ,4.8,409,/nchs/state-stats/states/nj.html
2021,NM,15.3,306,/nchs/state-stats/states/nm.html
2021,NY,4.8,918,/nchs/state-stats/states/ny.html
2021,NC,9.7,991,/nchs/state-stats/states/nc.html
2021,ND,3.4,24,/nchs/state-stats/states/nd.html
2021,OH,9.3,1020,/nchs/state-stats/states/oh.html
2021,OK,8.9,342,/nchs/state-stats/states/ok.html
2021,OR,4.9,204,/nchs/state-stats/states/or.html
2021,PA,9.2,1101,/nchs/state-stats/states/pa.html
2021,RI,3.6,40,/nchs/state-stats/states/ri.html
2021,SC,13.4,656,/nchs/state-stats/states/sc.html
2021,SD,5.3,45,/nchs/state-stats/states/sd.html
2021,TN,12.2,810,/nchs/state-stats/states/tn.html
2021,TX,8.2,2391,/nchs/state-stats/states/tx.html
2021,UT,2.7,91,/nchs/state-stats/states/ut.html
2021,VT,,10,/nchs/state-stats/states/vt.html
2021,VA,7.2,606,/nchs/state-stats/states/va.html
2021,WA,4.5,346,/nchs/state-stats/states/wa.html
2021,WV,6.9,114,/nchs/state-stats/states/wv.html
2021,WI,6.4,348,/nchs/state-stats/states/wi.html
2021,WY,,16,/nchs/state-stats/states/wy.html
2020,AL,14.2,654,/nchs/state-stats/states/al.html
2020,AK,7.3,55,/nchs/state-stats/states/ak.html
2020,AZ,7.5,525,/nchs/state-stats/states/az.html
2020,AR,13,371,/nchs/state-stats/states/ar.html
2020,CA,6.1,2368,/nchs/state-stats/states/ca.html
2020,CO,5.8,336,/nchs/state-stats/states/co.html
2020,CT,4.6,152,/nchs/state-stats/states/ct.html
2020,DE,9.9,86,/nchs/state-stats/states/de.html
2020,District of Columbia,24.4,187,/nchs/state-stats/states/dc.html
2020,FL,7.8,1530,/nchs/state-stats/states/fl.html
2020,GA,10.5,1093,/nchs/state-stats/states/ga.html
2020,HI,3.3,46,/nchs/state-stats/states/hi.html
2020,ID,2.5,42,/nchs/state-stats/states/id.html
2020,IL,11.2,1353,/nchs/state-stats/states/il.html
2020,IN,9.7,620,/nchs/state-stats/states/in.html
2020,IA,3.6,106,/nchs/state-stats/states/ia.html
2020,KS,7,195,/nchs/state-stats/states/ks.html
2020,KY,9.5,404,/nchs/state-stats/states/ky.html
2020,LA,19.9,873,/nchs/state-stats/states/la.html
2020,ME,1.6,21,/nchs/state-stats/states/me.html
2020,MD,11.4,649,/nchs/state-stats/states/md.html
2020,MA,2.7,183,/nchs/state-stats/states/ma.html
2020,MI,8.7,811,/nchs/state-stats/states/mi.html
2020,MN,3.6,198,/nchs/state-stats/states/mn.html
2020,MS,20.5,576,/nchs/state-stats/states/ms.html
2020,MO,14,803,/nchs/state-stats/states/mo.html
2020,MT,6.6,65,/nchs/state-stats/states/mt.html
2020,NE,4.1,76,/nchs/state-stats/states/ne.html
2020,NV,7.3,217,/nchs/state-stats/states/nv.html
2020,NH,0,14,/nchs/state-stats/states/nh.html
2020,NJ,4.3,362,/nchs/state-stats/states/nj.html
2020,NM,10.8,216,/nchs/state-stats/states/nm.html
2020,NY,4.7,875,/nchs/state-stats/states/ny.html
2020,NC,8.6,884,/nchs/state-stats/states/nc.html
2020,ND,4.4,30,/nchs/state-stats/states/nd.html
2020,OH,9.1,1004,/nchs/state-stats/states/oh.html
2020,OK,9,342,/nchs/state-stats/states/ok.html
2020,OR,3.8,157,/nchs/state-stats/states/or.html
2020,PA,8.5,994,/nchs/state-stats/states/pa.html
2020,RI,3,29,/nchs/state-stats/states/ri.html
2020,SC,12.7,622,/nchs/state-stats/states/sc.html
2020,SD,6.5,52,/nchs/state-stats/states/sd.html
2020,TN,11.5,753,/nchs/state-stats/states/tn.html
2020,TX,7.6,2212,/nchs/state-stats/states/tx.html
2020,UT,2.9,95,/nchs/state-stats/states/ut.html
2020,VT,,14,/nchs/state-stats/states/vt.html
2020,VA,6.4,531,/nchs/state-stats/states/va.html
2020,WA,4.2,322,/nchs/state-stats/states/wa.html
2020,WV,7,114,/nchs/state-stats/states/wv.html
2020,WI,6.1,334,/nchs/state-stats/states/wi.html
2020,WY,4.9,25,/nchs/state-stats/states/wy.html
2019,AL,12.8,587,/nchs/state-stats/states/al.html
2019,AK,10.8,78,/nchs/state-stats/states/ak.html
2019,AZ,5.9,414,/nchs/state-stats/states/az.html
2019,AR,9.4,270,/nchs/state-stats/states/ar.html
2019,CA,4.5,1794,/nchs/state-stats/states/ca.html
2019,CO,4.3,250,/nchs/state-stats/states/co.html
2019,CT,3.1,106,/nchs/state-stats/states/ct.html
2019,DE,6.1,53,/nchs/state-stats/states/de.html
2019,District of Columbia,21.3,162,/nchs/state-stats/states/dc.html
2019,FL,6.7,1334,/nchs/state-stats/states/fl.html
2019,GA,8.1,849,/nchs/state-stats/states/ga.html
2019,HI,2.5,35,/nchs/state-stats/states/hi.html
2019,ID,1.7,27,/nchs/state-stats/states/id.html
2019,IL,8.1,979,/nchs/state-stats/states/il.html
2019,IN,7.2,466,/nchs/state-stats/states/in.html
2019,IA,2.7,80,/nchs/state-stats/states/ia.html
2019,KS,4.9,137,/nchs/state-stats/states/ks.html
2019,KY,5.9,250,/nchs/state-stats/states/ky.html
2019,LA,14.7,650,/nchs/state-stats/states/la.html
2019,ME,1.8,23,/nchs/state-stats/states/me.html
2019,MD,10,578,/nchs/state-stats/states/md.html
2019,MA,2.3,157,/nchs/state-stats/states/ma.html
2019,MI,6.5,612,/nchs/state-stats/states/mi.html
2019,MN,2.8,154,/nchs/state-stats/states/mn.html
2019,MS,15.4,434,/nchs/state-stats/states/ms.html
2019,MO,10.8,628,/nchs/state-stats/states/mo.html
2019,MT,3.7,39,/nchs/state-stats/states/mt.html
2019,NE,3.1,58,/nchs/state-stats/states/ne.html
2019,NV,5.5,166,/nchs/state-stats/states/nv.html
2019,NH,2.8,38,/nchs/state-stats/states/nh.html
2019,NJ,3.4,287,/nchs/state-stats/states/nj.html
2019,NM,11.8,230,/nchs/state-stats/states/nm.html
2019,NY,3.2,601,/nchs/state-stats/states/ny.html
2019,NC,7,707,/nchs/state-stats/states/nc.html
2019,ND,3.1,21,/nchs/state-stats/states/nd.html
2019,OH,6.6,724,/nchs/state-stats/states/oh.html
2019,OK,8.8,333,/nchs/state-stats/states/ok.html
2019,OR,3,126,/nchs/state-stats/states/or.html
2019,PA,6.1,722,/nchs/state-stats/states/pa.html
2019,RI,2.5,23,/nchs/state-stats/states/ri.html
2019,SC,11,527,/nchs/state-stats/states/sc.html
2019,SD,3.6,29,/nchs/state-stats/states/sd.html
2019,TN,9.2,596,/nchs/state-stats/states/tn.html
2019,TX,5.9,1694,/nchs/state-stats/states/tx.html
2019,UT,2.6,82,/nchs/state-stats/states/ut.html
2019,VT,,11,/nchs/state-stats/states/vt.html
2019,VA,5.3,436,/nchs/state-stats/states/va.html
2019,WA,3.2,241,/nchs/state-stats/states/wa.html
2019,WV,5.7,92,/nchs/state-stats/states/wv.html
2019,WI,4.2,226,/nchs/state-stats/states/wi.html
2019,WY,4.4,25,/nchs/state-stats/states/wy.html
2018,AL,12.2,568,/nchs/state-stats/states/al.html
2018,AK,7.5,56,/nchs/state-stats/states/ak.html
2018,AZ,6.1,420,/nchs/state-stats/states/az.html
2018,AR,9.1,264,/nchs/state-stats/states/ar.html
2018,CA,4.8,1890,/nchs/state-stats/states/ca.html
2018,CO,4.7,263,/nchs/state-stats/states/co.html
2018,CT,2.8,92,/nchs/state-stats/states/ct.html
2018,DE,6.8,57,/nchs/state-stats/states/de.html
2018,District of Columbia,19.4,144,/nchs/state-stats/states/dc.html
2018,FL,6.6,1315,/nchs/state-stats/states/fl.html
2018,GA,7.7,794,/nchs/state-stats/states/ga.html
2018,HI,3.1,40,/nchs/state-stats/states/hi.html
2018,ID,2.3,41,/nchs/state-stats/states/id.html
2018,IL,8,994,/nchs/state-stats/states/il.html
2018,IN,7.4,473,/nchs/state-stats/states/in.html
2018,IA,2.7,81,/nchs/state-stats/states/ia.html
2018,KS,5.9,160,/nchs/state-stats/states/ks.html
2018,KY,6.1,258,/nchs/state-stats/states/ky.html
2018,LA,13.3,598,/nchs/state-stats/states/la.html
2018,ME,,19,/nchs/state-stats/states/me.html
2018,MD,9.3,541,/nchs/state-stats/states/md.html
2018,MA,2.3,158,/nchs/state-stats/states/ma.html
2018,MI,6.5,613,/nchs/state-stats/states/mi.html
2018,MN,2.3,122,/nchs/state-stats/states/mn.html
2018,MS,13.4,382,/nchs/state-stats/states/ms.html
2018,MO,11.4,658,/nchs/state-stats/states/mo.html
2018,MT,4.2,42,/nchs/state-stats/states/mt.html
2018,NE,1.9,35,/nchs/state-stats/states/ne.html
2018,NV,7.7,225,/nchs/state-stats/states/nv.html
2018,NH,1.8,21,/nchs/state-stats/states/nh.html
2018,NJ,3.7,311,/nchs/state-stats/states/nj.html
2018,NM,10.8,215,/nchs/state-stats/states/nm.html
2018,NY,3.2,611,/nchs/state-stats/states/ny.html
2018,NC,6.4,647,/nchs/state-stats/states/nc.html
2018,ND,2.5,20,/nchs/state-stats/states/nd.html
2018,OH,6.8,760,/nchs/state-stats/states/oh.html
2018,OK,7,265,/nchs/state-stats/states/ok.html
2018,OR,2.5,102,/nchs/state-stats/states/or.html
2018,PA,6.4,781,/nchs/state-stats/states/pa.html
2018,RI,0,16,/nchs/state-stats/states/ri.html
2018,SC,10.2,481,/nchs/state-stats/states/sc.html
2018,SD,3.9,32,/nchs/state-stats/states/sd.html
2018,TN,9.2,604,/nchs/state-stats/states/tn.html
2018,TX,5.4,1557,/nchs/state-stats/states/tx.html
2018,UT,2.2,67,/nchs/state-stats/states/ut.html
2018,VT,,14,/nchs/state-stats/states/vt.html
2018,VA,5.1,425,/nchs/state-stats/states/va.html
2018,WA,3.7,275,/nchs/state-stats/states/wa.html
2018,WV,5.8,97,/nchs/state-stats/states/wv.html
2018,WI,3.9,204,/nchs/state-stats/states/wi.html
2018,WY,4.1,22,/nchs/state-stats/states/wy.html
2017,AL,12.9,602,/nchs/state-stats/states/al.html
2017,AK,10.6,78,/nchs/state-stats/states/ak.html
2017,AZ,6.6,441,/nchs/state-stats/states/az.html
2017,AR,9.8,278,/nchs/state-stats/states/ar.html
2017,CA,5.1,2022,/nchs/state-stats/states/ca.html
2017,CO,4.6,261,/nchs/state-stats/states/co.html
2017,CT,3.2,109,/nchs/state-stats/states/ct.html
2017,DE,6.9,63,/nchs/state-stats/states/de.html
2017,District of Columbia,15.6,117,/nchs/state-stats/states/dc.html
2017,FL,6.4,1269,/nchs/state-stats/states/fl.html
2017,GA,7.9,810,/nchs/state-stats/states/ga.html
2017,HI,2.5,35,/nchs/state-stats/states/hi.html
2017,ID,3,50,/nchs/state-stats/states/id.html
2017,IL,9,1120,/nchs/state-stats/states/il.html
2017,IN,7.2,456,/nchs/state-stats/states/in.html
2017,IA,3.4,104,/nchs/state-stats/states/ia.html
2017,KS,6.5,185,/nchs/state-stats/states/ks.html
2017,KY,7.3,310,/nchs/state-stats/states/ky.html
2017,LA,14.4,653,/nchs/state-stats/states/la.html
2017,ME,,19,/nchs/state-stats/states/me.html
2017,MD,10.2,587,/nchs/state-stats/states/md.html
2017,MA,2.6,171,/nchs/state-stats/states/ma.html
2017,MI,6.3,588,/nchs/state-stats/states/mi.html
2017,MN,2.2,122,/nchs/state-stats/states/mn.html
2017,MS,12.7,360,/nchs/state-stats/states/ms.html
2017,MO,11.3,655,/nchs/state-stats/states/mo.html
2017,MT,4.3,42,/nchs/state-stats/states/mt.html
2017,NE,2.7,50,/nchs/state-stats/states/ne.html
2017,NV,7.6,221,/nchs/state-stats/states/nv.html
2017,NH,,17,/nchs/state-stats/states/nh.html
2017,NJ,4.1,352,/nchs/state-stats/states/nj.html
2017,NM,8.5,173,/nchs/state-stats/states/nm.html
2017,NY,3,577,/nchs/state-stats/states/ny.html
2017,NC,6.9,679,/nchs/state-stats/states/nc.html
2017,ND,,15,/nchs/state-stats/states/nd.html
2017,OH,7.5,828,/nchs/state-stats/states/oh.html
2017,OK,8.5,318,/nchs/state-stats/states/ok.html
2017,OR,3.1,127,/nchs/state-stats/states/or.html
2017,PA,6.6,791,/nchs/state-stats/states/pa.html
2017,RI,,19,/nchs/state-stats/states/ri.html
2017,SC,9.3,444,/nchs/state-stats/states/sc.html
2017,SD,4.2,34,/nchs/state-stats/states/sd.html
2017,TN,8.8,557,/nchs/state-stats/states/tn.html
2017,TX,5.8,1653,/nchs/state-stats/states/tx.html
2017,UT,2.6,79,/nchs/state-stats/states/ut.html
2017,VT,,15,/nchs/state-stats/states/vt.html
2017,VA,5.4,455,/nchs/state-stats/states/va.html
2017,WA,3.6,266,/nchs/state-stats/states/wa.html
2017,WV,6.5,112,/nchs/state-stats/states/wv.html
2017,WI,3.7,202,/nchs/state-stats/states/wi.html
2017,WY,,19,/nchs/state-stats/states/wy.html
2016,AL,11.8,544,/nchs/state-stats/states/al.html
2016,AK,7.3,54,/nchs/state-stats/states/ak.html
2016,AZ,6.3,420,/nchs/state-stats/states/az.html
2016,AR,8.7,248,/nchs/state-stats/states/ar.html
2016,CA,5.3,2074,/nchs/state-stats/states/ca.html
2016,CO,4.3,235,/nchs/state-stats/states/co.html
2016,CT,2.7,88,/nchs/state-stats/states/ct.html
2016,DE,7,63,/nchs/state-stats/states/de.html
2016,District of Columbia,16.8,127,/nchs/state-stats/states/dc.html
2016,FL,6.8,1294,/nchs/state-stats/states/fl.html
2016,GA,7.9,806,/nchs/state-stats/states/ga.html
2016,HI,2.8,39,/nchs/state-stats/states/hi.html
2016,ID,1.9,30,/nchs/state-stats/states/id.html
2016,IL,9.2,1157,/nchs/state-stats/states/il.html
2016,IN,7.6,480,/nchs/state-stats/states/in.html
2016,IA,2.8,85,/nchs/state-stats/states/ia.html
2016,KS,5.3,147,/nchs/state-stats/states/ks.html
2016,KY,7.2,302,/nchs/state-stats/states/ky.html
2016,LA,14.3,648,/nchs/state-stats/states/la.html
2016,ME,,19,/nchs/state-stats/states/me.html
2016,MD,10.1,579,/nchs/state-stats/states/md.html
2016,MA,2.1,137,/nchs/state-stats/states/ma.html
2016,MI,6.7,624,/nchs/state-stats/states/mi.html
2016,MN,2.4,129,/nchs/state-stats/states/mn.html
2016,MS,12.1,345,/nchs/state-stats/states/ms.html
2016,MO,9.9,570,/nchs/state-stats/states/mo.html
2016,MT,4.3,42,/nchs/state-stats/states/mt.html
2016,NE,3.3,60,/nchs/state-stats/states/ne.html
2016,NV,7.4,211,/nchs/state-stats/states/nv.html
2016,NH,,18,/nchs/state-stats/states/nh.html
2016,NJ,4.6,395,/nchs/state-stats/states/nj.html
2016,NM,9.4,185,/nchs/state-stats/states/nm.html
2016,NY,3.6,696,/nchs/state-stats/states/ny.html
2016,NC,7.4,735,/nchs/state-stats/states/nc.html
2016,ND,,17,/nchs/state-stats/states/nd.html
2016,OH,6.5,721,/nchs/state-stats/states/oh.html
2016,OK,8.6,322,/nchs/state-stats/states/ok.html
2016,OR,3.3,129,/nchs/state-stats/states/or.html
2016,PA,6,723,/nchs/state-stats/states/pa.html
2016,RI,2.3,25,/nchs/state-stats/states/ri.html
2016,SC,9,426,/nchs/state-stats/states/sc.html
2016,SD,4.7,38,/nchs/state-stats/states/sd.html
2016,TN,8.8,563,/nchs/state-stats/states/tn.html
2016,TX,6,1669,/nchs/state-stats/states/tx.html
2016,UT,2.5,80,/nchs/state-stats/states/ut.html
2016,VT,,11,/nchs/state-stats/states/vt.html
2016,VA,5.5,455,/nchs/state-stats/states/va.html
2016,WA,2.9,216,/nchs/state-stats/states/wa.html
2016,WV,6.3,108,/nchs/state-stats/states/wv.html
2016,WI,4.8,256,/nchs/state-stats/states/wi.html
2016,WY,,17,/nchs/state-stats/states/wy.html
2015,AL,10.2,473,/nchs/state-stats/states/al.html
2015,AK,8,62,/nchs/state-stats/states/ak.html
2015,AZ,5.5,364,/nchs/state-stats/states/az.html
2015,AR,7.4,217,/nchs/state-stats/states/ar.html
2015,CA,5,1987,/nchs/state-stats/states/ca.html
2015,CO,3.7,206,/nchs/state-stats/states/co.html
2015,CT,3.6,124,/nchs/state-stats/states/ct.html
2015,DE,7.5,65,/nchs/state-stats/states/de.html
2015,District of Columbia,17.5,136,/nchs/state-stats/states/dc.html
2015,FL,6.3,1208,/nchs/state-stats/states/fl.html
2015,GA,7.3,738,/nchs/state-stats/states/ga.html
2015,HI,2.2,31,/nchs/state-stats/states/hi.html
2015,ID,2,33,/nchs/state-stats/states/id.html
2015,IL,6.9,863,/nchs/state-stats/states/il.html
2015,IN,6,389,/nchs/state-stats/states/in.html
2015,IA,2.5,73,/nchs/state-stats/states/ia.html
2015,KS,4.7,132,/nchs/state-stats/states/ks.html
2015,KY,5.8,250,/nchs/state-stats/states/ky.html
2015,LA,12.4,569,/nchs/state-stats/states/la.html
2015,ME,1.7,22,/nchs/state-stats/states/me.html
2015,MD,10.3,596,/nchs/state-stats/states/md.html
2015,MA,2.1,144,/nchs/state-stats/states/ma.html
2015,MI,6.4,597,/nchs/state-stats/states/mi.html
2015,MN,2.8,147,/nchs/state-stats/states/mn.html
2015,MS,11.3,325,/nchs/state-stats/states/ms.html
2015,MO,9.6,547,/nchs/state-stats/states/mo.html
2015,MT,4,38,/nchs/state-stats/states/mt.html
2015,NE,4,75,/nchs/state-stats/states/ne.html
2015,NV,6.7,191,/nchs/state-stats/states/nv.html
2015,NH,,18,/nchs/state-stats/states/nh.html
2015,NJ,4.5,388,/nchs/state-stats/states/nj.html
2015,NM,8,157,/nchs/state-stats/states/nm.html
2015,NY,3.4,671,/nchs/state-stats/states/ny.html
2015,NC,6.1,593,/nchs/state-stats/states/nc.html
2015,ND,3.1,22,/nchs/state-stats/states/nd.html
2015,OH,6,669,/nchs/state-stats/states/oh.html
2015,OK,8.5,324,/nchs/state-stats/states/ok.html
2015,OR,3.4,138,/nchs/state-stats/states/or.html
2015,PA,5.6,673,/nchs/state-stats/states/pa.html
2015,RI,2.8,28,/nchs/state-stats/states/ri.html
2015,SC,9.5,448,/nchs/state-stats/states/sc.html
2015,SD,4.2,35,/nchs/state-stats/states/sd.html
2015,TN,7.2,460,/nchs/state-stats/states/tn.html
2015,TX,5.6,1538,/nchs/state-stats/states/tx.html
2015,UT,2,60,/nchs/state-stats/states/ut.html
2015,VT,,16,/nchs/state-stats/states/vt.html
2015,VA,4.5,374,/nchs/state-stats/states/va.html
2015,WA,3.4,239,/nchs/state-stats/states/wa.html
2015,WV,4.5,80,/nchs/state-stats/states/wv.html
2015,WI,4.5,243,/nchs/state-stats/states/wi.html
2015,WY,0,17,/nchs/state-stats/states/wy.html
2014,AL,8.1,374,/nchs/state-stats/states/al.html
2014,AK,4.7,37,/nchs/state-stats/states/ak.html
2014,AZ,5,322,/nchs/state-stats/states/az.html
2014,AR,7.7,217,/nchs/state-stats/states/ar.html
2014,CA,4.6,1813,/nchs/state-stats/states/ca.html
2014,CO,3.3,177,/nchs/state-stats/states/co.html
2014,CT,2.9,100,/nchs/state-stats/states/ct.html
2014,DE,6.6,57,/nchs/state-stats/states/de.html
2014,District of Columbia,13.7,97,/nchs/state-stats/states/dc.html
2014,FL,6.2,1159,/nchs/state-stats/states/fl.html
2014,GA,6.6,658,/nchs/state-stats/states/ga.html
2014,HI,2.2,30,/nchs/state-stats/states/hi.html
2014,ID,2.4,36,/nchs/state-stats/states/id.html
2014,IL,6.2,792,/nchs/state-stats/states/il.html
2014,IN,5.7,364,/nchs/state-stats/states/in.html
2014,IA,2.5,78,/nchs/state-stats/states/ia.html
2014,KS,3.6,104,/nchs/state-stats/states/ks.html
2014,KY,4.7,203,/nchs/state-stats/states/ky.html
2014,LA,11.7,538,/nchs/state-stats/states/la.html
2014,ME,2,23,/nchs/state-stats/states/me.html
2014,MD,6.7,387,/nchs/state-stats/states/md.html
2014,MA,2,133,/nchs/state-stats/states/ma.html
2014,MI,6.3,589,/nchs/state-stats/states/mi.html
2014,MN,1.9,101,/nchs/state-stats/states/mn.html
2014,MS,11.4,332,/nchs/state-stats/states/ms.html
2014,MO,7.5,441,/nchs/state-stats/states/mo.html
2014,MT,2.9,30,/nchs/state-stats/states/mt.html
2014,NE,3.4,63,/nchs/state-stats/states/ne.html
2014,NV,6.3,176,/nchs/state-stats/states/nv.html
2014,NH,,17,/nchs/state-stats/states/nh.html
2014,NJ,4.4,372,/nchs/state-stats/states/nj.html
2014,NM,6.8,135,/nchs/state-stats/states/nm.html
2014,NY,3.4,662,/nchs/state-stats/states/ny.html
2014,NC,5.6,551,/nchs/state-stats/states/nc.html
2014,ND,,15,/nchs/state-stats/states/nd.html
2014,OH,5.2,578,/nchs/state-stats/states/oh.html
2014,OK,6.6,250,/nchs/state-stats/states/ok.html
2014,OR,2.4,99,/nchs/state-stats/states/or.html
2014,PA,5.2,620,/nchs/state-stats/states/pa.html
2014,RI,2.5,27,/nchs/state-stats/states/ri.html
2014,SC,7.6,363,/nchs/state-stats/states/sc.html
2014,SD,3.1,26,/nchs/state-stats/states/sd.html
2014,TN,6.5,417,/nchs/state-stats/states/tn.html
2014,TX,5.2,1389,/nchs/state-stats/states/tx.html
2014,UT,2,61,/nchs/state-stats/states/ut.html
2014,VT,,16,/nchs/state-stats/states/vt.html
2014,VA,4.1,339,/nchs/state-stats/states/va.html
2014,WA,3.1,211,/nchs/state-stats/states/wa.html
2014,WV,5.9,103,/nchs/state-stats/states/wv.html
2014,WI,3,166,/nchs/state-stats/states/wi.html
2014,WY,4.4,24,/nchs/state-stats/states/wy.html
2005,AL,9.6,433,/nchs/state-stats/states/al.html
2005,AK,5.2,37,/nchs/state-stats/states/ak.html
2005,AZ,9,532,/nchs/state-stats/states/az.html
2005,AR,8,219,/nchs/state-stats/states/ar.html
2005,CA,6.9,2540,/nchs/state-stats/states/ca.html
2005,CO,3.8,182,/nchs/state-stats/states/co.html
2005,CT,3.2,107,/nchs/state-stats/states/ct.html
2005,DE,6.6,55,/nchs/state-stats/states/de.html
2005,District of Columbia,28.3,180,/nchs/state-stats/states/dc.html
2005,FL,5.8,998,/nchs/state-stats/states/fl.html
2005,GA,7.1,649,/nchs/state-stats/states/ga.html
2005,HI,1.9,25,/nchs/state-stats/states/hi.html
2005,ID,3.2,45,/nchs/state-stats/states/id.html
2005,IL,6.8,866,/nchs/state-stats/states/il.html
2005,IN,5.9,368,/nchs/state-stats/states/in.html
2005,IA,1.6,44,/nchs/state-stats/states/ia.html
2005,KS,3.9,106,/nchs/state-stats/states/ks.html
2005,KY,5.4,222,/nchs/state-stats/states/ky.html
2005,LA,12.8,592,/nchs/state-stats/states/la.html
2005,ME,1.7,22,/nchs/state-stats/states/me.html
2005,MD,10.4,576,/nchs/state-stats/states/md.html
2005,MA,2.8,178,/nchs/state-stats/states/ma.html
2005,MI,6.9,677,/nchs/state-stats/states/mi.html
2005,MN,2.7,139,/nchs/state-stats/states/mn.html
2005,MS,9,254,/nchs/state-stats/states/ms.html
2005,MO,7.3,417,/nchs/state-stats/states/mo.html
2005,MT,3.4,33,/nchs/state-stats/states/mt.html
2005,NE,2.5,44,/nchs/state-stats/states/ne.html
2005,NV,7.8,190,/nchs/state-stats/states/nv.html
2005,NH,0,19,/nchs/state-stats/states/nh.html
2005,NJ,5.1,427,/nchs/state-stats/states/nj.html
2005,NM,7.9,152,/nchs/state-stats/states/nm.html
2005,NY,4.7,901,/nchs/state-stats/states/ny.html
2005,NC,7.6,661,/nchs/state-stats/states/nc.html
2005,ND,,11,/nchs/state-stats/states/nd.html
2005,OH,5.6,630,/nchs/state-stats/states/oh.html
2005,OK,6.1,214,/nchs/state-stats/states/ok.html
2005,OR,2.9,102,/nchs/state-stats/states/or.html
2005,PA,6.3,749,/nchs/state-stats/states/pa.html
2005,RI,3.1,32,/nchs/state-stats/states/ri.html
2005,SC,7.9,337,/nchs/state-stats/states/sc.html
2005,SD,2.9,22,/nchs/state-stats/states/sd.html
2005,TN,8.3,495,/nchs/state-stats/states/tn.html
2005,TX,6.5,1501,/nchs/state-stats/states/tx.html
2005,UT,2.4,63,/nchs/state-stats/states/ut.html
2005,VT,,12,/nchs/state-stats/states/vt.html
2005,VA,6.4,490,/nchs/state-stats/states/va.html
2005,WA,3.6,231,/nchs/state-stats/states/wa.html
2005,WV,5.4,93,/nchs/state-stats/states/wv.html
2005,WI,4.3,236,/nchs/state-stats/states/wi.html
2005,WY,,16,/nchs/state-stats/states/wy.html